   -- CREADO AL BASE DE DATOS DE BODEGA ----


 CREATE DATABASE BODEGA


 -- DICIENDO AL PROGRAMA QUE VAMOS USAR LA BASE DE DATOS DE BODEGA----

 USE BODEGA




------ CREAR LA TABLA  CARGOS ---



CREATE TABLE CARGO(
COD_CARGO CHAR(4) PRIMARY KEY CHECK(COD_CARGO LIKE 'C[0-9][0-9][0-9]'),
NOMBRE_CARGO VARCHAR(30) NOT NULL,
SUELDO DECIMAL(10,2) NOT NULL,
DESCRIPCION VARCHAR(100)
)
GO





-------  CREACION DE LA TABLA EMPLEADO ---------



CREATE TABLE EMPLEADO(
COD_EMPLEADO CHAR(4) PRIMARY KEY CHECK(COD_EMPLEADO LIKE 'E[0-9][0-9][0-9]'),
NOMBRES VARCHAR(30) NOT NULL,
APELLIDOS VARCHAR(50) NOT NULL,
DNI CHAR(8) UNIQUE CHECK(DNI LIKE '[0-9][0-9][0-9][0-9][0-9][0-9][0-9][0-9]') NOT NULL,
SEXO CHAR(1) CHECK (SEXO IN ('M','F')) NOT NULL,
EMAIL VARCHAR(50),
TELEFONO CHAR(9) CHECK(TELEFONO LIKE '[0-9][0-9][0-9][0-9][0-9][0-9][0-9][0-9][0-9]'),
CAR_EMPLEA CHAR(4) FOREIGN KEY REFERENCES CARGO(COD_CARGO),
OBSERVACIONES VARCHAR(60)
)
GO



------  CREACION DE LA TABLAS CLIENTE -------



CREATE TABLE CLIENTE(
COD_CLIENTE CHAR(5) PRIMARY KEY CHECK(COD_CLIENTE LIKE 'CL[0-9][0-9][0-9]'),
NOMBRES VARCHAR(40) NOT NULL,
APELLIDOS VARCHAR(40) NOT NULL,
SEXO CHAR(1) CHECK (SEXO IN ('M','F')) NOT NULL,
DNI CHAR(8) UNIQUE CHECK(DNI LIKE '[0-9][0-9][0-9][0-9][0-9][0-9][0-9][0-9]') NOT NULL,
TELEFONO CHAR(9) CHECK(TELEFONO LIKE '[0-9][0-9][0-9][0-9][0-9][0-9][0-9][0-9][0-9]'),
DIRECCION VARCHAR(50) NOT NULL,
OBSERVACIONES VARCHAR(60)
)
GO



------- CREACION DE LA TABLA CATEGORIA   --------



CREATE TABLE CATEGORIA(
COD_CATEGORIA CHAR(5) PRIMARY KEY CHECK(COD_CATEGORIA LIKE 'CT[0-9][0-9][0-9]'),
NOMBRE VARCHAR(20) NOT NULL,
DESCRIPCION VARCHAR(50),
OBSERVACIONES VARCHAR(60)
)
GO

-------- CREACION DE  LA TABLA MARCA ------



CREATE TABLE MARCA(
COD_MARCA CHAR(4) PRIMARY KEY CHECK(COD_MARCA LIKE 'M[0-9][0-9][0-9]'),
NOMBRE VARCHAR(20) NOT NULL,
DESCRIPCION VARCHAR(50),
OBSERVACIONES VARCHAR(60)
)
GO

------ CRACIONDE DE LA TABLA PROVEDOR ----



CREATE TABLE PROVEEDOR(
COD_PROVEEDOR CHAR(5) PRIMARY KEY CHECK(COD_PROVEEDOR LIKE 'PR[0-9][0-9][0-9]'),
NOMBRE VARCHAR(20) NOT NULL,
TELEFONO CHAR(9) CHECK(TELEFONO LIKE '[0-9][0-9][0-9][0-9][0-9][0-9][0-9][0-9][0-9]') NOT NULL,
CORREO VARCHAR(50),
DIRECCION VARCHAR(100),
FECHA_REGISTRO DATE DEFAULT GETDATE(),
RUC CHAR(11) UNIQUE CHECK(RUC LIKE '[0-9][0-9][0-9][0-9][0-9][0-9][0-9][0-9][0-9][0-9][0-9]') NOT NULL,
OBSERVACIONES VARCHAR(60)
)
GO

------ CRACION DE LA TABLA PRODUCTOS ------



CREATE TABLE PRODUCTO(
COD_PRODUCTO CHAR(4) PRIMARY KEY CHECK(COD_PRODUCTO LIKE 'P[0-9][0-9][0-9]'),
NOMBRE VARCHAR(40) NOT NULL,
PRECIO DECIMAL(10,2) NOT NULL,
DESCRIPCION VARCHAR(100),
FECHA_REGISTRO DATE DEFAULT GETDATE(),
OBSERVACIONES VARCHAR(100),
PRO_CAT CHAR(5) FOREIGN KEY REFERENCES CATEGORIA(COD_CATEGORIA),
PRO_MAR CHAR(4) FOREIGN KEY REFERENCES MARCA(COD_MARCA),
PRO_PROV CHAR(5) FOREIGN KEY REFERENCES PROVEEDOR(COD_PROVEEDOR)
)
GO

---- CREACION DE LA TABLA PEDIDO ----



CREATE TABLE PEDIDO(
COD_PEDIDO INT IDENTITY(1,1) NOT NULL PRIMARY KEY   ,
ESTADO VARCHAR(20) NOT NULL,
PED_CLI CHAR(5) FOREIGN KEY REFERENCES CLIENTE(COD_CLIENTE)
)
GO

--- CREACION DE TABLA VENTA ----



CREATE TABLE VENTA(
COD_VENTA CHAR(4) PRIMARY KEY CHECK(COD_VENTA LIKE 'V[0-9][0-9][0-9]'),
HORA TIME(0) DEFAULT(CAST(GETDATE() AS TIME)),
TOTAL_VENTA DECIMAL(10,2) NOT NULL,
VEN_PED INT(5) FOREIGN KEY REFERENCES PEDIDO(COD_PEDIDO),
VEN_EMP CHAR(4) FOREIGN KEY REFERENCES EMPLEADO(COD_EMPLEADO)
)
GO

---- CREACION DE LA TABLA COMPROBANTE DE PAGO ----



CREATE TABLE COMPROBANTE_PAGO(
COD_COMPRO_PAGO CHAR(5) PRIMARY KEY CHECK(COD_COMPRO_PAGO LIKE 'CP[0-9][0-9][0-9]'),
FECHA DATE DEFAULT(GETDATE()),
COMPRO_VEN CHAR(4) FOREIGN KEY REFERENCES VENTA(COD_VENTA)
)
GO

----- CREACION DE LA TABLA FACTURA ---



CREATE TABLE FACTURA(
COD_FACTURA CHAR(4) PRIMARY KEY CHECK(COD_FACTURA LIKE 'F[0-9][0-9][0-9]'),
RUC_CLIENTE CHAR(11) UNIQUE NOT NULL,
RAZON_SOCIAL VARCHAR(30),
DESCRIPCION VARCHAR(50),
IGV DECIMAL(10,2),
FACTURA_COMPRO CHAR(5) FOREIGN KEY REFERENCES COMPROBANTE_PAGO(COD_COMPRO_PAGO)
)
GO

----- CREACION DE LA TABLA BOLETA ----


CREATE TABLE BOLETA(
COD_BOLETA CHAR(4) PRIMARY KEY CHECK(COD_BOLETA LIKE 'B[0-9][0-9][0-9]'),
DESCRIPCION VARCHAR(50),
BOLETA_COMPRO CHAR(5) FOREIGN KEY REFERENCES COMPROBANTE_PAGO(COD_COMPRO_PAGO)
)
GO

------ CREACION DE LA TABLA INVENTARIO ----



CREATE TABLE INVENTARIO(
COD_INVENTARIO CHAR(4) PRIMARY KEY CHECK(COD_INVENTARIO LIKE 'I[0-9][0-9][0-9]'),
STOCK INT NOT NULL,
STOCK_MINIMO INT,
FECHA DATE DEFAULT(GETDATE()),
INV_PRO CHAR(4) FOREIGN KEY REFERENCES PRODUCTO(COD_PRODUCTO)
)
GO

----- CREACION DE LA TABLA DETALLE PEDIDO -----



CREATE TABLE DETALLE_PEDIDO(
ID_DETALLE_PED INT IDENTITY(1,1) PRIMARY KEY,
CANTIDAD INT NOT NULL,
TOTAL DECIMAL(10,2),
DESCRIPCION VARCHAR(50),
DET_PROD CHAR(4) FOREIGN KEY REFERENCES PRODUCTO(COD_PRODUCTO),
DET_PED INT(5) FOREIGN KEY REFERENCES PEDIDO(COD_PEDIDO)
)
GO


----CREACION DEL TRIGGER   SUBTOTAL---
/*GO
CREATE TRIGGER TG_SUBTOTAL ON DETALLE_PEDIDO AFTER INSERT AS BEGIN
UPDATE dp SET dp.SUBTOTAL = i.CANTIDAD * p.PRECIO FROM DETALLE_PEDIDO dp
INNER JOIN inserted i ON dp.ID_DETALLE_PED = i.ID_DETALLE_PED
INNER JOIN PRODUCTO p ON p.COD_PRODUCTO = i.DET_PROD
END
GO


---- CRECCION DEL TRIGGER TOTAL_VENTA ----
CREATE TRIGGER TG_VENTA ON VENTA AFTER INSERT AS BEGIN
UPDATE v SET v.TOTAL_VENTA = (SELECT SUM(dp.SUBTOTAL)
FROM DETALLE_PEDIDO dp WHERE dp.DET_PED = i.VEN_PED)
FROM VENTA v INNER JOIN inserted i ON v.COD_VENTA = i.COD_VENTA
END*/


---- VER SI LSO TRIGGER SE CREARON -------------

/*SELECT name , OBJECT_NAME(parent_id) AS Tabla
FROM sys.triggers*/

----- REGISTRO DE CARGO ----------


INSERT INTO CARGO (COD_CARGO,NOMBRE_CARGO,SUELDO,DESCRIPCION) VALUES
('C001','Dueño',1900.00,'Dirige el negocio, supervisa operaciones y toma decisiones importantes'),
('C002','Operario de almacén',1100.00,'Organiza productos, controla stock y mantiene orden en el almacén'),
('C003','Vendedor',1100.00,'Atiende clientes, realiza ventas y orienta sobre los productos disponibles'),
('C004','Responsable de compras',1100.00,'Gestiona compras, coordina con proveedores y asegura abastecimiento');
GO

----- REGISTRO DE EMPLEADO -----


INSERT INTO EMPLEADO (COD_EMPLEADO,NOMBRES,APELLIDOS,DNI,SEXO,EMAIL,TELEFONO,CAR_EMPLEA,OBSERVACIONES) VALUES
('E001','Marleny','Carhuatanta','61278681','F','marleny@gmail.com','945342345','C001','Responsable en la supervisión del negocio'),
('E002','Mariano','Cruzado','94524523','M','mariano@gmail.com','945245233','C004','Responsable en la gestión de compras'),
('E003','Mariana','Rodas','98674522','F','mariana@gmail.com','986745223','C003','Brinda buena atención al cliente');
GO

--- REGISTRO DE CLIENTE -----


INSERT INTO CLIENTE (COD_CLIENTE,NOMBRES,APELLIDOS,SEXO,DNI,TELEFONO,DIRECCION,OBSERVACIONES) VALUES
('CL001','MARIA','LOPEZ','F','45123452','968576549','AV VENEZUELA 357','Cliente frecuente y responsable'),
('CL002','ALEX','TORRES','M','32198762','987694659','JR AGUSTINO 589','Cliente ocasional'),
('CL003','ROSA','ALVARE','F','29876545','956674569','JR CASTILLA 102','Cliente reservada'),
('CL004','NELLY','ELVIRA','F','41234565','956735456','AV TUPAC 894','Cliente amable'),
('CL005','MILLY','MORENO','F','38765435','956455454','CALLE PERU 258','Cliente exigente'),
('CL006','DEISY','ALVAREZ','F','27654321','954565767','JR TACNA 156','Cliente difícil'),
('CL007','CARLOS','QUISPE','M','41256789','987123456','AV.ABANCAY 234','Cliente puntual'),
('CL008','ANA','GARCIA','F','32145678','956234567','JR.HUALLAGA 456','Cliente muy amable'),
('CL009','LUIS','MENDOZA','M','29876512','945345678','AV.AREQUIPA 789','Cliente poco comunicativo'),
('CL010','PATRICIA','ROJAS','F','38712345','934456789','CALLE LOS PINOS 123','Cliente exigente'),
('CL011','JORGE','FLORES','M','45678901','923567890','AV.BRASIL 567','Cliente impaciente'),
('CL012','CARMEN','HUAMAN','F','34567890','912678901','JR.CUSCO 890','Cliente cordial'),
('CL013','ROBERTO','CASTRO','M','23456789','901789012','AV.COLONIAL 321','Cliente desconfiado'),
('CL014','LUCIA','VARGAS','F','12345698','998890123','CALLE LAS ROSAS 654','Cliente simpática'),
('CL015','MIGUEL','PAREDES','M','87654321','977901234','AV.VENEZUELA 987','Cliente reservado'),
('CL016','SANDRA','LEON','F','76543210','966012345','JR.AMAZONAS 147','Cliente quejosa'),
('CL017','FERNANDO','REYES','M','65432109','955123456','AV.TUPAC AMARU 258','Cliente exigente'),
('CL018','GLORIA','JIMENEZ','F','54321098','944234567','CALLE UNION 369','Cliente atenta'),
('CL019','CESAR','TORRES','M','43210987','933345678','AV.UNIVERSITARIA 741','Cliente algo impaciente'),
('CL020','DIANA','SILVA','F','32109876','922456789','JR.ICA 852','Cliente agradable'),
('CL021','RAUL','PEREZ','M','21098765','911567890','AV.JAVIER PRADO 963','Cliente poco amable'),
('CL022','VANESSA','GUTIERREZ','F','10987654','900678901','CALLE LOS OLMOS 174','Cliente educada'),
('CL023','HUGO','ESPINOZA','M','98765432','989789012','AV.BENAVIDES 285','Cliente gruñón'),
('CL024','MONICA','RAMOS','F','87654320','978890123','JR.LORETO 396','Cliente sonriente'),
('CL025','ANTONIO','DIAZ','M','76543219','967901234','AV.LA MARINA 417','Cliente desconfiado'),
('CL026','ELIZABETH','CAMPOS','F','65432108','956012345','CALLE LAS FLORES 528','Cliente muy amable'),
('CL027','PABLO','VEGA','M','54321097','945123456','AV.GRAN CHIMU 639','Cliente tranquilo'),
('CL028','ROXANA','MORALES','F','43210986','934234567','JR.TACNA 750','Cliente quejosa'),
('CL029','DANIEL','ORTIZ','M','32109875','923345678','AV.PROLONGACION HUAYLAS 81','Cliente algo grosero'),
('CL030','FIORELLA','NUNEZ','F','21098764','912456789','CALLE MONTE NEGRO 972','Cliente amable'),
('CL031','VICTOR','SALINAS','M','10987653','901567890','AV.LOS HEROES 183','Cliente serio'),
('CL032','MILAGROS','HERRERA','F','98765431','990678901','JR.WASHINGTON 294','Cliente encantadora');
GO

---------- REGISTRO DE PROVEEDOR -----


INSERT INTO PROVEEDOR (COD_PROVEEDOR,NOMBRE,TELEFONO,CORREO,DIRECCION,RUC,OBSERVACIONES) VALUES
('PR001','SODIMAC','900111222','sodimac@gmail.com','AV. INDUSTRIAL 123','20111111111','CONSTRUCCION'),
('PR002','MAESTRO','900222333','maestro@gmail.com','AV. UNIVERSITARIA 456','20222222222','CONSTRUCCION'),
('PR003','BACKUS','900333444','backus@gmail.com','AV. ARGENTINA 789','20333333333','BEBIDAS'),
('PR004','DASEA','900444555','dasea@gmail.com','JR. LIMA 321','20444444444','GOLOSINAS'),
('PR005','GUMISA','900555666','gumisa@gmail.com','AV. PERU 654','20555555555','GOLOSINAS'),
('PR006','VEGA','900666777','vega@gmail.com','AV. NICOLAS AYLLON 987','20666666666','ABARROTES'),
('PR007','KR','900777888','kr@gmail.com','AV. BRASIL 741','20777777777','GASEOSAS'),
('PR008','FERRONORTE','900888999','ferronorte@gmail.com','JR. TACNA 852','20888888888','GOLOSINAS'),
('PR009','TAYLOY','900999000','tayloy@gmail.com','AV. AREQUIPA 963','20999999999','UTILES'),
('PR010','INKAFARMA','911000111','inkafarma@gmail.com','AV. SALAVERRY 159','20101010101','MEDICAMENTOS');
GO


------ REGISTRO DE CATEGORIA------


INSERT INTO CATEGORIA (COD_CATEGORIA,NOMBRE,DESCRIPCION,OBSERVACIONES) VALUES
('CT001','CEMENTO','Material de construccion','ALTA DEMANDA'),
('CT002','LADRILLOS','Material de obra','ALTA DEMANDA'),
('CT003','HERRAMIENTAS','Construccion','USO FRECUENTE'),
('CT004','CERVEZAS','Bebidas alcoholicas','ALTA DEMANDA'),
('CT005','GASEOSAS','Bebidas','ALTA DEMANDA'),
('CT006','CHOCOLATES','Golosinas','ALTA DEMANDA'),
('CT007','CARAMELOS','Golosinas','ALTA DEMANDA'),
('CT008','SNACKS','Golosinas','ALTA DEMANDA'),
('CT009','ARROZ','Abarrotes','CONSUMO DIARIO'),
('CT010','AZUCAR','Abarrotes','CONSUMO DIARIO'),
('CT011','ACEITES','Abarrotes','COCINA'),
('CT012','FIDEOS','Abarrotes','COCINA'),
('CT013','CUADERNOS','Utiles escolares','TEMPORADA'),
('CT014','LAPICES','Utiles escolares','TEMPORADA'),
('CT015','REGLAS','Utiles escolares','TEMPORADA'),
('CT016','MEDICINAS','Medicamentos','ESENCIAL'),
('CT017','JARABES','Medicamentos','SALUD'),
('CT018','DESINFECTANTES','Medicamentos','HIGIENE'),
('CT019','CLAVOS','Construccion','USO FRECUENTE'),
('CT020','ARENA','Construccion','OBRAS');
GO


------ REGISTRO DE MARCA-----


INSERT INTO MARCA (COD_MARCA,NOMBRE,DESCRIPCION,OBSERVACIONES) VALUES
('M001','SOL','Cemento',''),
('M002','LARK','Ladrillos',''),
('M003','TRUPER','Herramientas',''),
('M004','CRISTAL','Cerveza',''),
('M005','PILSEN','Cerveza',''),
('M006','INKA KOLA','Gaseosa',''),
('M007','COCA COLA','Gaseosa',''),
('M008','SUBLIME','Chocolate',''),
('M009','CAÑONAZO','Chocolate',''),
('M010','COSTEÑO','Arroz',''),
('M011','RUBIA','Azucar',''),
('M012','PRIMOR','Aceite',''),
('M013','MOLITALIA','Fideos',''),
('M014','FABER CASTELL','Utiles',''),
('M015','ARTESCO','Utiles',''),
('M016','PANADOL','Medicamento',''),
('M017','VICK','Medicamento',''),
('M018','CLOROX','Desinfectante',''),
('M019','ACEROS AREQUIPA','Construccion',''),
('M020','UNICON','Construccion','');
GO

---- REGISTRO DE PRODUCTO-------


INSERT INTO PRODUCTO (COD_PRODUCTO,NOMBRE,PRECIO,DESCRIPCION,OBSERVACIONES,PRO_CAT,PRO_MAR,PRO_PROV) VALUES
('P001','HAMURGUESAS',28.00,' las  mas demandad','Construccion','CT001','M001','PR001'),
('P002','CALLETA MORROCHAS',1.20,'la morada','Construccion','CT002','M002','PR002'),
('P003','Legia por botellas',25.00,'para pisoso','Uso general','CT003','M003','PR001'),
('P004','Caja de leche',120.00,' leche por grupoo','Uso profesional','CT003','M003','PR002'),
('P005','Cerveza Cristal 650ml',7.50,'Cerveza rubia','Alta venta','CT004','M004','PR003'),
('P006','Cerveza Pilsen 650ml',7.50,'Cerveza lager','Popular','CT004','M005','PR003'),
('P007','Inka Kola 500ml',3.00,'Gaseosa','Alta rotacion','CT005','M006','PR007'),
('P008','Coca Cola 500ml',3.50,'Gaseosa','Popular','CT005','M007','PR007'),
('P009','Inka Kola 1.5L',6.50,'Gaseosa grande','Familiar','CT005','M006','PR007'),
('P010','Coca Cola 1.5L',7.00,'Gaseosa grande','Familiar','CT005','M007','PR007'),
('P011','Chocolate Sublime',1.50,'Chocolate con mani','Venta alta','CT006','M008','PR004'),
('P012','Chocolate Princesa',1.00,'Chocolate blanco','Niños','CT006','M009','PR005'),
('P013','Caramelos surtidos',2.50,'Dulces variados','Rapido','CT007','M008','PR008'),
('P014','Galletas dulces',2.00,'Snack','Consumo diario','CT008','M009','PR005'),
('P015','Arroz 1kg',4.00,'Arroz blanco','Basico','CT009','M010','PR006'),
('P016','Azucar 1kg',3.50,'Azucar rubia','Consumo diario','CT010','M011','PR006'),
('P017','Aceite 1L',8.00,'Aceite vegetal','Cocina','CT011','M012','PR006'),
('P018','Fideos 500g',3.00,'Pasta','Cocina','CT012','M013','PR006'),
('P019','Arroz 5kg',18.00,'Arroz grande','Familiar','CT009','M010','PR006'),
('P020','Aceite 5L',35.00,'Aceite grande','Negocio','CT011','M012','PR006'),
('P021','Cuaderno 100 hojas',3.50,'Cuaderno','Escolar','CT013','M015','PR009'),
('P022','Lapiz 2B',0.50,'Lapiz','Escolar','CT014','M014','PR009'),
('P023','Regla 30cm',1.50,'Regla plastica','Escolar','CT015','M015','PR009'),
('P024','Colores x12',6.00,'Colores escolares','Escolar','CT014','M014','PR009'),
('P025','Panadol 500mg',1.20,'Pastilla','Salud','CT016','M016','PR010'),
('P026','Jarabe Vick',8.00,'Jarabe','Gripe','CT017','M017','PR010'),
('P027','Alcohol 70%',5.00,'Desinfectante','Higiene','CT018','M018','PR010'),
('P028','Lejia Clorox',5.00,'Desinfectante','Limpieza','CT018','M018','PR010'),
('P029','Clavos 2 pulgadas',5.00,'Caja de clavos','Construccion','CT019','M019','PR001'),
('P030','Arena fina',15.00,'Material de obra','Construccion','CT020','M020','PR002');
GO

------REGISTRO DE INVENTARO------


INSERT INTO INVENTARIO (COD_INVENTARIO,STOCK,STOCK_MINIMO,INV_PRO) VALUES
('I001', 100, 10, 'P001'),
('I002', 500, 50, 'P002'),
('I003', 80,  10, 'P003'),
('I004', 20,  5,  'P004'),
('I005', 200, 20, 'P005'),
('I006', 200, 20, 'P006'),
('I007', 300, 30, 'P007'),
('I008', 300, 30, 'P008'),
('I009', 150, 15, 'P009'),
('I010', 150, 15, 'P010'),
('I011', 400, 40, 'P011'),
('I012', 400, 40, 'P012'),
('I013', 350, 35, 'P013'),
('I014', 250, 25, 'P014'),
('I015', 180, 20, 'P015'),
('I016', 180, 20, 'P016'),
('I017', 120, 15, 'P017'),
('I018', 200, 25, 'P018'),
('I019', 90,  10, 'P019'),
('I020', 50,  5,  'P020'),
('I021', 300, 30, 'P021'),
('I022', 500, 50, 'P022'),
('I023', 400, 40, 'P023'),
('I024', 200, 20, 'P024'),
('I025', 350, 35, 'P025'),
('I026', 150, 15, 'P026'),
('I027', 200, 20, 'P027'),
('I028', 200, 20, 'P028'),
('I029', 300, 30, 'P029'),
('I030', 80,  10, 'P030')
GO


------- REGISTRO DE PEDIDO------


INSERT INTO PEDIDO (COD_PEDIDO,ESTADO,PED_CLI) VALUES
('ENTREGADO','CL002'),  
('ENTREGADO','CL004'),  
('ENTREGADO','CL005'),  
('ENTREGADO','CL006'),  
('ENTREGADO','CL003'),  
('ENTREGADO','CL001'), 
('PENDIENTE','CL007'), 
('ENTREGADO','CL009'),
('PAUSA','CL010'),      
('PENDIENTE','CL011'),  
('ENTREGADO','CL012'),  
('PAUSA','CL013'),      
('ENTREGADO','CL014'),  
('PENDIENTE','CL015'),  
('PAUSA','CL005'),      
('ENTREGADO','CL017'), 
('PENDIENTE','CL018'),  
('ENTREGADO','CL019'),  
('PAUSA','CL020'),      
('ENTREGADO','CL021'),  
('PENDIENTE','CL022'),  
('ENTREGADO','CL023'),  
('PAUSA','CL024'),      
('ENTREGADO','CL025'),  
('PENDIENTE','CL026'),  
('ENTREGADO','CL027'),  
('PAUSA','CL028'),   
('ENTREGADO','CL029'),  
('PENDIENTE','CL030'),  
('PENDIENTE','CL001') 
GO

------REGISTRO DETALLE_PEDIDO------


INSERT INTO DETALLE_PEDIDO (CANTIDAD,DESCRIPCION,DET_PROD,DET_PED) VALUES
(5, 'Pedido decemnto',     'P001', 3),
(6, 'Pedido de lcambie os',   'P002', 6),
(10,'Pedido de ceveza',     'P006', 5),
(7, 'Pedido de gaseosa',     'P007', 4),
(8, 'Pedido de cerveza',     'P005', 2),
(13,'Pedidode de boetela', 'P004', 1),
(4, 'Pedido de que seraa', 'P003', 7),
(6, 'Pedido de cerveza',     'P005', 8),
(3, 'Pedido degaseosa',     'P008', 9),
(9, 'Pedido de chocolate',   'P011', 10),
(5, 'Pedido de choolate',   'P012', 11),
(7, 'Pedido de caramelos',   'P013', 12),
(4, 'Pedid desnacks',      'P014', 13),
(8, 'Pedidode aroz',       'P015', 14),
(3, 'Pedido de azucar',      'P016', 15),
(5, 'Pedido de ceite',      'P017', 16),
(6, 'Peddo de fideos',      'P018', 17),
(4, 'Pedido e arro',       'P019', 18),
(2, 'Pedido de aceoño',      'P020', 19),
(10,'Pedido de cuadernos',   'P021', 20),
(6, 'Pedido de atyudao',     'P001', 21),
(8, 'Pedidode carreas',   'P002', 22),
(5, 'Pedido de cerveza',     'P005', 23),
(7, 'Pedido de asosa',     'P007', 24),
(9, 'Pedido de chocolate',   'P011', 25),
(4, 'Pedido de carmelos',   'P013', 26),
(6, 'Pedido de arroz',       'P015', 27),
(3, 'Pedido de aceite',      'P017', 28),
(5, 'Pedido de cuadernos',   'P021', 29),
(2, 'Pedido  medicoñonto', 'P025', 30),
(5, 'pedido ahmaufuesao',     'P001', 31),
(6, 'Pedido dde calleta',   'P002', 31)

----- REGISTRO DE VENTA ----


INSERT INTO VENTA (COD_VENTA,TOTAL_VENTA,VEN_PED,VEN_EMP) VALUES
('V001',0,1, 'E001'),
('V002',0,2, 'E002'),
('V003',0,3, 'E001'),
('V004',0,4, 'E003'),
('V005',0,5, 'E002'),
('V006',0,6, 'E001'),
('V007',0,7, 'E003'),
('V008',0,8, 'E002'),
('V009',0,9, 'E001'),
('V010',0,10,'E003'),
('V011',0,11,'E001'),
('V012',0,12,'E002'),
('V013',0,13,'E003'),
('V014',0,14,'E001'),
('V015',0,15,'E002'),
('V016',0,16,'E003'),
('V017',0,17,'E001'),
('V018',0,18,'E002'),
('V019',0,19,'E003'),
('V020',0,20,'E001'),
('V021',0,21,'E002'),
('V022',0,22,'E003'),
('V023',0,23,'E001'),
('V024',0,24,'E002'),
('V025',0,25,'E003'),
('V026',0,26,'E001'),
('V027',0,27,'E002'),
('V028',0,28,'E003'),
('V029',0,29,'E001'),
('V030',0,30,'E002'),
('V031',0,31,'E001')


---- REGISTRO DE COMPROBANTE DE  PAGO --


INSERT INTO COMPROBANTE_PAGO (COD_COMPRO_PAGO,COMPRO_VEN) VALUES
('CP001','V001'),
('CP002','V002'),
('CP003','V003'),
('CP004','V004'),
('CP005','V005'),
('CP006','V006'),
('CP007','V007'),
('CP008','V008'),
('CP009','V009'),
('CP010','V010'),
('CP011','V011'),
('CP012','V012'),
('CP013','V013'),
('CP014','V014'),
('CP015','V015'),
('CP016','V016'),
('CP017','V017'),
('CP018','V018'),
('CP019','V019'),
('CP020','V020'),
('CP021','V021'),
('CP022','V022'),
('CP023','V023'),
('CP024','V024'),
('CP025','V025'),
('CP026','V026'),
('CP027','V027'),
('CP028','V028'),
('CP029','V029'),
('CP030','V030')

----  REGISTRO BOLETA ----


INSERT INTO BOLETA (COD_BOLETA, DESCRIPCION, BOLETA_COMPRO) VALUES
('B001','Venta de cemento','CP001'),
('B002','Venta de ladrillos','CP002'),
('B003','Venta de cerveza','CP003'),
('B004','Venta de gaseosa','CP004'),
('B005','Venta de cerveza','CP005'),
('B006','Venta de herramienta','CP006'),
('B007','Venta de herramienta','CP007'),
('B008','Venta de cerveza','CP008'),
('B009','Venta de gaseosa','CP009'),
('B010','Venta de chocolate','CP010'),
('B011','Venta de chocolate','CP011'),
('B012','Venta de caramelos','CP012'),
('B013','Venta de snacks','CP013'),
('B014','Venta de arroz','CP014'),
('B015','Venta de azucar','CP015'),
('B016','Venta de aceite','CP016'),
('B017','Venta de fideos','CP017'),
('B018','Venta de arroz','CP018'),
('B019','Venta de aceite','CP019'),
('B020','Venta de cuadernos','CP020'),
('B021','Venta de lapices','CP021'),
('B022','Venta de reglas','CP022'),
('B023','Venta de colores','CP023'),
('B024','Venta de medicamentos','CP024'),
('B025','Venta de jarabe','CP025'),
('B026','Venta de alcohol','CP026'),
('B027','Venta de lejia','CP027'),
('B028','Venta de clavos','CP028'),
('B029','Venta de arena','CP029'),
('B030','Venta de panadol','CP030');

------  REGISTRO DE FACTURA ------


INSERT INTO FACTURA (COD_FACTURA,RUC_CLIENTE,RAZON_SOCIAL,DESCRIPCION,IGV,FACTURA_COMPRO) VALUES
('F001','20123456781','EMPRESA SAC','Compra de materiales',0,'CP001'),
('F002','20123456782','INVERSIONES SRL','Compra de bebidas',0,'CP002'),
('F003','20123456783','COMERCIAL EIRL','Compra de snacks',0,'CP003'),
('F004','20123456784','NEGOCIOS SAC','Compra de utiles',0,'CP004'),
('F005','20123456785','DISTRIBUIDORA SRL','Compra de alimentos',0,'CP005'),
('F006','20123456786','IMPORTACIONES SAC','Compra de gaseosas',0,'CP006'),
('F007','20123456787','CORPORACION EIRL','Compra de chocolates',0,'CP007'),
('F008','20123456788','SERVICIOS SRL','Compra de medicamentos',0,'CP008'),
('F009','20123456789','SOLUCIONES SAC','Compra de abarrotes',0,'CP009'),
('F010','20123456790','REPRESENTACIONES SRL','Compra de limpieza',0,'CP010'),
('F011','20123456791','DISTRIBUCIONES SAC','Compra de arroz',0,'CP011'),
('F012','20123456792','ALMACENES EIRL','Compra de aceite',0,'CP012'),
('F013','20123456793','COMERCIO SRL','Compra de fideos',0,'CP013'),
('F014','20123456794','INVERSIONES EIRL','Compra de gaseosas',0,'CP014'),
('F015','20123456795','NEGOCIOS PERU SAC','Compra de dulces',0,'CP015'),
('F016','20123456796','REPRESENTACIONES SAC','Compra de snacks',0,'CP016'),
('F017','20123456797','SOLUCIONES EIRL','Compra de utiles',0,'CP017'),
('F018','20123456798','CORPORACION SRL','Compra de bebidas',0,'CP018'),
('F019','20123456799','NEGOCIOS EIRL','Compra de productos',0,'CP019'),
('F020','20123456800','COMERCIAL SAC','Compra de varios',0,'CP020'),
('F021','20123456801','EMPRESA UNO SAC','Compra de cemento',0,'CP021'),
('F022','20123456802','EMPRESA DOS SAC','Compra de ladrillos',0,'CP022'),
('F023','20123456803','EMPRESA TRES SAC','Compra de bebidas',0,'CP023'),
('F024','20123456804','EMPRESA CUATRO SAC','Compra de gaseosas',0,'CP024'),
('F025','20123456805','EMPRESA CINCO SAC','Compra de chocolates',0,'CP025'),
('F026','20123456806','EMPRESA SEIS SAC','Compra de caramelos',0,'CP026'),
('F027','20123456807','EMPRESA SIETE SAC','Compra de arroz',0,'CP027'),
('F028','20123456808','EMPRESA OCHO SAC','Compra de aceite',0,'CP028'),
('F029','20123456809','EMPRESA NUEVE SAC','Compra de utiles',0,'CP029'),
('F030','20123456810','EMPRESA DIEZ SAC','Compra de medicamentos',0,'CP030')


--------------- MOSTRAR TODAS LAS TABLAS --------------------------

SELECT * FROM CARGO

SELECT * FROM[dbo].[EMPLEADO]

SELECT * FROM [dbo].[CLIENTE]

SELECT * FROM[dbo].[PROVEEDOR]

SELECT * FROM[dbo].[CATEGORIA]

SELECT * FROM[dbo].[MARCA]

SELECT * FROM[dbo].[PRODUCTO]

SELECT * FROM INVENTARIO

SELECT * FROM[dbo].[PEDIDO]

SELECT * FROM [dbo].[DETALLE_PEDIDO]

SELECT * FROM[dbo].[VENTA]

SELECT * FROM [dbo].[COMPROBANTE_PAGO]

SELECT * FROM [dbo].[BOLETA]

SELECT * FROM [dbo].[FACTURA]


-----------------   CONSULTAS  BASICAS -------------------------

--1
SELECT COD_CLIENTE, NOMBRES, APELLIDOS FROM CLIENTE WHERE NOMBRES LIKE '%Y%' 
--2
SELECT COD_EMPLEADO, NOMBRES, APELLIDOS FROM EMPLEADO WHERE NOMBRES LIKE '%O'
--3
SELECT COD_MARCA, NOMBRE FROM MARCA ORDER BY NOMBRE DESC
--4
SELECT COD_PRODUCTO, NOMBRE, PRECIO FROM PRODUCTO WHERE PRECIO<4
--5
SELECT ID_DETALLE_PED, CANTIDAD FROM DETALLE_PEDIDO WHERE CANTIDAD>7
--6
SELECT COD_CATEGORIA, NOMBRE FROM CATEGORIA WHERE NOMBRE LIKE '%E%'
--7
SELECT COD_PROVEEDOR, NOMBRE FROM PROVEEDOR WHERE NOMBRE LIKE '_O%'
--8
SELECT COD_PRODUCTO, NOMBRE, PRECIO FROM PRODUCTO WHERE PRECIO BETWEEN 2 AND 7
--9
SELECT RAZON_SOCIAL FROM FACTURA ORDER BY RAZON_SOCIAL DESC 
--10
SELECT TOP 2 * FROM BOLETA WHERE DESCRIPCION LIKE '%A'
--11
SELECT NOMBRES,APELLIDOS FROM CLIENTE
WHERE NOMBRES LIKE 'M%' AND COD_CLIENTE IN ( SELECT PED_CLI FROM PEDIDO )

---12
SELECT NOMBRE,PRECIO FROM PRODUCTO WHERE NOMBRE LIKE '%Cerveza%'
AND COD_PRODUCTO IN ( SELECT DET_PROD FROM DETALLE_PEDIDO)

---13
SELECT NOMBRES,APELLIDOS FROM EMPLEADO WHERE NOMBRES LIKE '%o' AND COD_EMPLEADO IN 
( SELECT VEN_EMP FROM VENTA)


--14
SELECT COD_PEDIDO,ESTADO FROM PEDIDO WHERE ESTADO LIKE 'ENTRE%'
AND COD_PEDIDO IN ( SELECT DET_PED FROM DETALLE_PEDIDO)
--15
SELECT NOMBRES,APELLIDOS,DIRECCION FROM CLIENTE WHERE DIRECCION LIKE '%AV%'
AND COD_CLIENTE IN ( SELECT PED_CLI FROM PEDIDO WHERE ESTADO = 'PENDIENTE')

--16
SELECT NOMBRES,APELLIDOS,TELEFONO FROM CLIENTE WHERE APELLIDOS LIKE '%EZ'
AND COD_CLIENTE IN (  SELECT PED_CLI FROM PEDIDO  WHERE ESTADO = 'ENTREGADO'
)

------------------------ CONSULTAS AVANZADAS ---------------------------------------

-- 1
SELECT * FROM VENTA
SELECT p.NOMBRE, c.NOMBRE, dp.CANTIDAD
FROM DETALLE_PEDIDO dp
INNER JOIN PRODUCTO p ON p.COD_PRODUCTO = dp.DET_PROD
INNER JOIN CATEGORIA c ON c.COD_CATEGORIA = p.PRO_CAT
INNER JOIN PEDIDO pd ON pd.COD_PEDIDO = dp.DET_PED

---2

SELECT c.NOMBRES,c.APELLIDOS,p.NOMBRE AS PRODUCTO,dp.CANTIDAD,
dp.SUBTOTAL,pd.ESTADO
FROM CLIENTE c
INNER JOIN PEDIDO pd ON pd.PED_CLI = c.COD_CLIENTE
INNER JOIN DETALLE_PEDIDO dp ON dp.DET_PED = pd.COD_PEDIDO
INNER JOIN PRODUCTO p ON p.COD_PRODUCTO = dp.DET_PROD
ORDER BY c.APELLIDOS ASC

--3

SELECT c.NOMBRES, c.APELLIDOS, pd.COD_PEDIDO,pd.ESTADO,
p.NOMBRE AS PRODUCTO,cat.NOMBRE AS CATEGORIA, dp.CANTIDAD,
dp.SUBTOTAL
FROM CLIENTE c
INNER JOIN PEDIDO pd ON pd.PED_CLI = c.COD_CLIENTE
INNER JOIN DETALLE_PEDIDO dp ON dp.DET_PED = pd.COD_PEDIDO
INNER JOIN PRODUCTO p ON p.COD_PRODUCTO = dp.DET_PROD
INNER JOIN CATEGORIA cat ON cat.COD_CATEGORIA = p.PRO_CAT
ORDER BY pd.ESTADO ASC



--4
SELECT pd.COD_PEDIDO,c.NOMBRES, c.APELLIDOS,p.NOMBRE AS PRODUCTO,
dp.CANTIDAD,dp.SUBTOTAL, v.TOTAL_VENTA
FROM PEDIDO pd
INNER JOIN CLIENTE c ON c.COD_CLIENTE = pd.PED_CLI
INNER JOIN DETALLE_PEDIDO dp ON dp.DET_PED = pd.COD_PEDIDO
INNER JOIN PRODUCTO p ON p.COD_PRODUCTO = dp.DET_PROD
INNER JOIN VENTA v ON v.VEN_PED = pd.COD_PEDIDO
WHERE pd.COD_PEDIDO = 'PD031'




----------------  CONSULTAS CON VISTAS  --------------


--1
SELECT dbo.CARGO.NOMBRE_CARGO, dbo.EMPLEADO.DNI, dbo.EMPLEADO.SEXO, 
       dbo.VENTA.TOTAL_VENTA, dbo.VENTA.HORA
FROM dbo.CARGO 
INNER JOIN dbo.EMPLEADO ON dbo.CARGO.COD_CARGO = dbo.EMPLEADO.CAR_EMPLEA 
INNER JOIN dbo.VENTA ON dbo.EMPLEADO.COD_EMPLEADO = dbo.VENTA.VEN_EMP
WHERE dbo.EMPLEADO.SEXO = 'F'
ORDER BY dbo.VENTA.TOTAL_VENTA DESC


--2
SELECT dbo.CARGO.NOMBRE_CARGO, dbo.EMPLEADO.DNI, dbo.EMPLEADO.SEXO, 
       dbo.VENTA.TOTAL_VENTA, dbo.VENTA.HORA, dbo.PEDIDO.ESTADO, 
       dbo.DETALLE_PEDIDO.CANTIDAD, dbo.DETALLE_PEDIDO.DESCRIPCION
FROM dbo.CARGO 
INNER JOIN dbo.EMPLEADO ON dbo.CARGO.COD_CARGO = dbo.EMPLEADO.CAR_EMPLEA 
INNER JOIN dbo.VENTA ON dbo.EMPLEADO.COD_EMPLEADO = dbo.VENTA.VEN_EMP 
INNER JOIN dbo.PEDIDO ON dbo.VENTA.VEN_PED = dbo.PEDIDO.COD_PEDIDO 
INNER JOIN dbo.DETALLE_PEDIDO ON dbo.PEDIDO.COD_PEDIDO = dbo.DETALLE_PEDIDO.DET_PED
WHERE dbo.PEDIDO.ESTADO = 'ENTREGADO'
ORDER BY dbo.VENTA.TOTAL_VENTA DESC


---3

SELECT dbo.CARGO.NOMBRE_CARGO, dbo.EMPLEADO.DNI, dbo.EMPLEADO.SEXO, 
       dbo.VENTA.HORA, dbo.PEDIDO.ESTADO, dbo.DETALLE_PEDIDO.CANTIDAD, 
       dbo.PROVEEDOR.NOMBRE, dbo.PROVEEDOR.DIRECCION,
       dbo.PRODUCTO.PRECIO, dbo.PRODUCTO.FECHA_REGISTRO, dbo.DETALLE_PEDIDO.SUBTOTAL
FROM dbo.CARGO 
INNER JOIN dbo.EMPLEADO ON dbo.CARGO.COD_CARGO = dbo.EMPLEADO.CAR_EMPLEA 
INNER JOIN dbo.VENTA ON dbo.EMPLEADO.COD_EMPLEADO = dbo.VENTA.VEN_EMP 
INNER JOIN dbo.PEDIDO ON dbo.VENTA.VEN_PED = dbo.PEDIDO.COD_PEDIDO 
INNER JOIN dbo.DETALLE_PEDIDO ON dbo.PEDIDO.COD_PEDIDO = dbo.DETALLE_PEDIDO.DET_PED 
INNER JOIN dbo.PRODUCTO ON dbo.DETALLE_PEDIDO.DET_PROD = dbo.PRODUCTO.COD_PRODUCTO 
INNER JOIN dbo.PROVEEDOR ON dbo.PRODUCTO.PRO_PROV = dbo.PROVEEDOR.COD_PROVEEDOR 
INNER JOIN dbo.COMPROBANTE_PAGO ON dbo.VENTA.COD_VENTA = dbo.COMPROBANTE_PAGO.COMPRO_VEN
WHERE dbo.DETALLE_PEDIDO.SUBTOTAL > 10
ORDER BY dbo.DETALLE_PEDIDO.SUBTOTAL DESC


----------------  CONSULTAS CON AGRUPAMIENTO  -----------------


--1
SELECT c.NOMBRES,c.APELLIDOS,COUNT(pd.COD_PEDIDO) AS TOTALPEDIDOS
FROM CLIENTE c
INNER JOIN PEDIDO pd ON pd.PED_CLI = c.COD_CLIENTE
GROUP BY c.NOMBRES, c.APELLIDOS
ORDER BY TOTALPEDIDOS DESC

--2
SELECT cat.NOMBRE AS CATEGORIA,COUNT(p.COD_PRODUCTO) AS TOTALPRODUCTOS,
AVG(p.PRECIO) AS PRECIOPROMEDIO FROM CATEGORIA cat
INNER JOIN PRODUCTO p ON p.PRO_CAT = cat.COD_CATEGORIA
GROUP BY cat.NOMBRE
ORDER BY TOTALPRODUCTOS DESC

--3
SELECT e.NOMBRES, e.APELLIDOS, c.NOMBRE_CARGO, c.SUELDO
FROM EMPLEADO e
INNER JOIN CARGO c ON c.COD_CARGO = e.CAR_EMPLEA
ORDER BY c.SUELDO DESC


--4
SELECT pr.NOMBRE AS PROVEEDOR,COUNT(p.COD_PRODUCTO) AS TOTAL_PRODUCTOS,
AVG(p.PRECIO) AS PRECIO_PROMEDIO,MAX(p.PRECIO) AS PRECIO_MAS_ALTO
FROM PROVEEDOR pr
INNER JOIN PRODUCTO p ON p.PRO_PROV = pr.COD_PROVEEDOR
GROUP BY pr.NOMBRE
ORDER BY TOTAL_PRODUCTOS DESC


----------------------  CONSULTAS CON FUCIONES ----------------------

--1
SELECT MAX(p.PRECIO) AS PRECIO_MASALTO,MIN(p.PRECIO) AS PRECIOMASBAJO, AVG(p.PRECIO) AS PRECIOPROMEDIO,
SUM(p.PRECIO) AS SUMATOTAL FROM PRODUCTO p

--2
SELECT COUNT(COD_CLIENTE) AS TOTALCLIENTES
FROM CLIENTE

--3
SELECT COUNT(COD_VENTA) AS TOTALVENTAS, SUM(TOTAL_VENTA) AS MONTOTOTAL
FROM VENTA


---4
SELECT AVG(PRECIO) AS PROMEDIO
FROM PRODUCTO


--5
SELECT ESTADO, COUNT(COD_PEDIDO) AS TOTAL
fROM PEDIDO
GROUP BY ESTADO


-----------------   PROCEDIMIENTOS ALMACENADOS   ------------------------

--1
GO
CREATE PROCEDURE PEDIDOS_ESTADO
@ESTADO VARCHAR(20) AS
BEGIN
SELECT pd.COD_PEDIDO, c.NOMBRES, c.APELLIDOS, pd.ESTADO
FROM PEDIDO pd
INNER JOIN CLIENTE c ON c.COD_CLIENTE = pd.PED_CLI
WHERE pd.ESTADO = @ESTADO
END

EXEC PEDIDOS_ESTADO 'PENDIENTE'

----2
GO
CREATE PROCEDURE SP_BUSCAR_CLIENTE
    @NOMBRE VARCHAR(50)
AS
BEGIN
    SELECT COD_CLIENTE, NOMBRES, APELLIDOS, TELEFONO, DIRECCION
    FROM CLIENTE
    WHERE NOMBRES LIKE '%' + @NOMBRE + '%'
END

EXEC SP_BUSCAR_CLIENTE 'MIGUEL'

---4
GO
CREATE PROCEDURE SP_VENTAS_EMPLEADO
@COD_EMPLEADO CHAR(4) AS BEGIN
SELECT v.COD_VENTA, e.NOMBRES, e.APELLIDOS, v.TOTAL_VENTA, v.HORA
FROM VENTA v INNER JOIN EMPLEADO e ON e.COD_EMPLEADO = v.VEN_EMP
WHERE v.VEN_EMP = @COD_EMPLEADO
END

EXEC SP_VENTAS_EMPLEADO 'E001'





/* NUESTRA BASE  DE DATOS   CON EL NOMBRE BOTICA  FUE CONTRUIDO POR:
Manuel Antonio Vargas Pérez
Miguel Ángel Cruzado Torres
GARCÍA NINA MARIA FERNANDA
/*









